{"cameraMode":{"drawMode":0,"name":"Shaded","section":"Shading Mode"},"sceneLighting":false,"audioPlay":false,"sceneViewState":{"m_AlwaysRefresh":false,"showFog":true,"showSkybox":false,"showFlares":true,"showImageEffects":true,"showParticleSystems":true,"showVisualEffectGraphs":true,"m_FxEnabled":true},"in2DMode":false,"pivot":{"x":-0.07078313827514649,"y":-0.39266523718833926,"z":0.31336018443107607},"rotation":{"x":-0.2479303628206253,"y":-0.28623104095458987,"z":0.07695548236370087,"w":-0.9223573803901672},"size":0.7938842177391052,"orthographic":false}