{"cameraMode":{"drawMode":0,"name":"Shaded","section":"Shading Mode"},"sceneLighting":false,"audioPlay":false,"sceneViewState":{"m_AlwaysRefresh":false,"showFog":true,"showSkybox":false,"showFlares":true,"showImageEffects":true,"showParticleSystems":true,"showVisualEffectGraphs":true,"m_FxEnabled":true},"in2DMode":false,"pivot":{"x":-0.0010920800268650056,"y":0.012398213148117066,"z":0.2962656021118164},"rotation":{"x":-0.2479303628206253,"y":-0.28623104095458987,"z":0.07695548236370087,"w":-0.9223573803901672},"size":1.0570192337036133,"orthographic":false}