{"cameraMode":{"drawMode":0,"name":"Shaded","section":"Shading Mode"},"sceneLighting":false,"audioPlay":false,"sceneViewState":{"m_AlwaysRefresh":false,"showFog":true,"showSkybox":false,"showFlares":true,"showImageEffects":true,"showParticleSystems":true,"showVisualEffectGraphs":true,"m_FxEnabled":true},"in2DMode":false,"pivot":{"x":-0.0010920800268650056,"y":0.012398213148117066,"z":0.2962656021118164},"rotation":{"x":-0.03599974140524864,"y":-0.6013295650482178,"z":0.027140898630023004,"w":-0.7977678179740906},"size":0.6669858694076538,"orthographic":false}